{
  "project_info": {
    "project_number": "359548695941",
    "project_id": "nuevo-62dfd",
    "storage_bucket": "nuevo-62dfd.firebasestorage.app"
  },
  "client": [
    {
      "client_info": {
        "mobilesdk_app_id": "1:359548695941:android:1a8ffc31f0e5045a3340ec",
        "android_client_info": {
          "package_name": "com.example.registrationactivity"
        }
      },
      "oauth_client": [],
      "api_key": [
        {
          "current_key": "AIzaSyBM_Nrv5e7u8OxdvqlWwc5psSNgz0vOA-U"
        }
      ],
      "services": {
        "appinvite_service": {
          "other_platform_oauth_client": []
        }
      }
    },
    {
      "client_info": {
        "mobilesdk_app_id": "1:359548695941:android:dae451ef9a20fd893340ec",
        "android_client_info": {
          "package_name": "om.example.registrationactivity"
        }
      },
      "oauth_client": [],
      "api_key": [
        {
          "current_key": "AIzaSyBM_Nrv5e7u8OxdvqlWwc5psSNgz0vOA-U"
        }
      ],
      "services": {
        "appinvite_service": {
          "other_platform_oauth_client": []
        }
      }
    }
  ],
  "configuration_version": "1"
}